word,definition,length
abaka,"(N.) the abaca plant, fiber, or cloth.",5
abala,"(V.) bother, worry. [usually distributive:
mangabala’, as in: e ka mangabala. ‘Don’t worry’].",5
abisu,"(V.) -an: ‘to warn someone’; ma-‘to be warned’;
payabi’su ‘have someone warned’; i-‘take
something as a warning’.
(N.) warning; subpoena; ma:nabi’su ‘one who
warns’.",5
ablas,"(V.) -an ‘to return something’; imitate. maki- -an ‘to
answer back, retort’, mablas, minablas,
paki-qablas, payablasan, inablas, ayablas,
makayablas, meyablas, pamanablas, pekaqablas.
(N.) what one gives in return for something else.
echo; revenge. kakablas ‘echo’.",5
abono,"(V.) man- ‘to fertilize’; pa-‘have something
fertilized’; maki-, paki-‘share fertilizer’.",5
abril,"(N.) the month of April.
1",5
absiq,"(V.) magpaka-‘eat one’s fill’. See qabsiq.
(D.) satisfied (with respect to hunger).",5
abyas,"(N.) milled rice. maga:qabyas ‘rice dealer’
[bigasera–from Tagalog, is also used].",5
akbak,"(V.) -an ‘to put something on a spit’; pa- ‘to have
something spitted’.
(D.) ma-‘to be spitted’.
(N.) a spit, made of bamboo, for barbecuing.",5
aklat,"(N.) book (more commonly, libru). aklatan ‘library’.",5
akmul,"(V.) -an ‘swallow something’; in-‘be swallowed’.
(N.) akmulan ‘throat’.",5
adjar,"(V.) -an ‘to grate, scrape’.
(N.) adjaran-ungut ‘coconut-grating stool’; see
kudkuran.
pipagadjaran ‘place for scraping’.",5
adwaq,"(V.) pangaladwan ‘do something a second time’.
(Nu.) two.
kakadwaq ‘second’; pangalawaq ‘the second one
(e.g. child)’.",5
agkat,"(V.) summon, invite, signal. man-, -an, pa-, pan-.
(D.) may-‘be invited’.
(N.) pa:managkat ‘manner of inviting’.",5
agtal,"(V.) harvest, gather.
ma:magtal, agtala’n, papayagtal, manayagtal.
(N.) pa:nagtal ‘the harvest’; pi:panagtala’n ‘place
of harvest’.",5
agyap,"(N.) cold sore.
(V.) [stative] miyagyapan ‘have cold sore’; [stat.
distributive] manga-agyap-an.",5
agyuq,"(D.) sufficient.
(V.) ma:nagyuq, pa:nagyuq, ma:ka-agyuq.",5
albul,(N.) a drying device for fishnets.,5
alili,"(V.) alila’n ‘change something’, man-alili ‘changing
[intrans.].
(N.) ka:lili/kayalili ‘successor’.",5
almaq,(V.) man-almaq ‘rear up’.,5
alpaq,"(N.) a kind of vegetable, ampalaya.",5
altar,"(N.) altar, house shrine.",5
amanu,"(N.) word, language, speech.",5
ambag,"(N.) contribution. peka-ambag ‘thing given’.
(V.) [intransitive] man-ambag, pan-ambag,
makapanambag. [transitive] i-ambag, ayambag,
ayam-bagan, panambaga, ka-ambagan, pa-ambag,
apayambagan.",5
ambuq,(N.) nickname for Pablo.,5
ambun,"(N.) dew.
(V.) mamambun ‘be about to rain’.
(D.) mayambun ‘overcast, misty’; miyambunan
‘covered with dew’.",5
ambus,(V.) mamambus ‘share (food)’.,5
andam,"(V.) borrow; see -dam-. manamdam,
mangayamdam, pakiyamdam, makiyamdam,
makayamdam, a:yamdam.",5
ampil,"(V.) man-ampil ‘stack (dishes)’, ampil-an,
mangayampil, payampil.
(D.) mayampil ‘stacked’.",5
ampon,(Cocombiner) ‘and’.,5
andas,"(N.) serrated edges (of cloth). Simon de Andas, a
famous Spaniard who once transferred the seat of
Spanish government to Bacolor.",5
antak,"(N.) female sexual organs. antak-ne-da-mu [an
indecent curse]. (D.) mayantak ‘sexually attractive
(female)’.",5
anyaq,"(Subcombiner) later, and then, so.
[often combined with uling, as: anyaq, e ko bisang
mamangan king kekami uling ing asan mi tuyuq.
‘And so that’s why you don’t want to eat at our
house because our main course is dried fish’].",5
angga,"(Prep.) up to, until.
(N.) angganan ‘boundary’.
(V.) man-angga ‘reach as far as, journey to’;
mipa-angga; mangayang-ganan.",5
angin,"(N.) wind.
(V.) mamangin ‘the wind is blowing’; angin-an,
in-angin ‘held in the wind’; payangin,
magpayangin, magpakayangin.
(D.) mayangin ‘windy (season, people)’.",5
apqap,"(N.) a kind of fish, expensive and considered quite
a delicacy.",5
yariq,"(D.) finished. mayari ‘finished’; mayayari.
(V.) ari-an ‘finish something’; man-ariq
‘(something) happened’.",5
arina,"(N.) flour, especially casava flour.",5
arnis,(N.) a self-defense sport.,5
arung,"(N.) nose.
(V.) arung-an, inarungan ‘put on airs’.",5
asang,(N.) gills.,5
asawa,"(N.) spouse; [metaphor] ‘one of a pair, like mortar
and pestle’, tala-asawa ‘a married person’.
(V.) mag-asawa ‘get married’; mang-asawa ‘[old]
arrange marriage’, ‘[new] have sexual
intercourse’; paki-asawa ‘have someone married
to someone else’; pang-asawa-n ‘rape someone’;
mi-asawa ‘be married’.",5
asbuk,"(N.) mouth.
(V.) laban-asbuk ‘argue’.",5
aslag,"(N.) light from a heavenly body; see saslag.
aslagan ‘place where the sun rises, east’.",5
aslam,"(N.) vinegar.
(D.) maslam ‘sour’.
(V.) aslam-an ‘add vinegar to something’;
pan-aslam ‘use something to sour’.",5
aslat,"(D.) mayaslat, miyaslat ‘caught in broken
floor-board’.
13",5
asung,(N.) mortar.,5
asyag,(N.) stye; see agya’p.,5
asyas,"(N.) post (e.g. asyas-bale ‘house-post’).
peka-asyas ‘mainstay’.",5
atake,"(N.) attack, heart-attack, stroke.
(D.) me-atake ‘victimized by stroke’.",5
atduq,(N.) bile.,5
acata,(N.) a large bedpan.,5
atcan,"(N.) stomach.
(V.) atcanan ‘hit someone in stomach’.",5
atcaq,"(V.) throw; itca ‘threw’.
makayatcaq [ability]; atca-nan ‘throw something
to somebody’; mipayatca; ayatca.
(N). pa:manatcaq ‘pitching style’; piyatcanan
‘place something was thrown’.",5
atras,"(V.) to the back, rear; retrogress. see qatras.",5
aunus,"(N.) portion, share.",5
awang,(N.) window.,5
babaq,(N.) chin.,5
babaq,"(N.) low place, underneath; old name of the
town now called Lubao.
(V.) baba’q, be:baq ‘lower, put down’; disclose,
set forth; i-babaq ‘lower something’; mag-baba
‘go down’; paba-ban ‘have something brought
down’; ababaq, apababan.",5
babai,"(N.) woman; (pl.) ba:bai. binabai ‘common-law
wife’; binabai ‘girlhood’.
(V.) mambabai/magbabai ‘pursuing women’.",5
babiq,"(N.) pig. babing-diku’t ‘wild pig’.
(D.) bina’biq ‘careless’.
(V.) mag-binabiq ‘be careless, act like a pig’.",5
babuq,(V.) [a children’s word] ‘you might fall’.,5
bakal,(N.) iron.,5
bakal,"(N.) packed lunch, food carried along when on
a trip.
(V.) mag-baka’l ‘carry one’s lunch’; abakalan
‘able to carry something’.",5
bakas,"(N.) mark, sign, indication.
(V.) babakas, mamakas ‘make marks’; bakasan,
bekasan ‘mark something’; pabakas ‘have
something marked’.",5
bakit,"(Q.) why?; see bat, obat.",5
bakle,"(N.) yoke. makabakle ‘warp, or woof, in
weaving’.
(V.) bakle, bikle ‘put something across
something else’.
(D.) makabakle ‘out of condition, in a bad
mood’.",5
bakse,"(N.) oar, paddle.
(V.) babakse, mamakse ‘row, paddle’,
makapamakse ‘be able to paddle’; makibakse
‘paddle with others’.",5
bakud,"(N.) fence.
(V.) mag-bakud, magpabakud ‘put up a fence’;
bakur-an ‘fence something in’.",5
bakwe,"(V.) mag-bakwe’ ‘smoke with burning part of
cigarette or cigar inside mouth’; babakwe.",5
bagaq,(N.) lungs.,5
bagin,"(N.) vine.
(V.) mag-ba’gin ‘swing on a vine’.",5
baguk,(N.) fermented foods.,5
bagun,"(N.) railroad car. bagune’ru ‘conductor’.
(V.) pa:bagun ‘use a railroad car to carry’.",5
bagut,"(N.) draw, a chance or turn.",5
bagyu,"(N.) tropical storm, typhoon. pabagyu ‘a
showoff’.
(V.) babagyu ‘a typhoon is blowing’.",5
balaq,"(N.) responsibility, warning, matter, concern
as: ika ing ba:laq ‘you are in charge, it’s up to
you, you decide’. e ba:laq ‘it doesn’t matter.
(V.) bala-an, babalan, bebalan ‘warn someone
about something’; paba:laq ‘give one
responsibility’; panibalaq.
(N.) kapama:lan ‘the government’.",5
balag,(N.) trellice.,5
balag,"(V.) magpabala’g ‘drop out’; maka-bala’g ‘fall
accidentally’; manga-bala’g ‘dropping
repeatedly’; pa:-balag ‘caused to drop’; a:balag
‘dropped’; a:pabala’g ‘had an abortion,
miscarriage’.
(D.) ma-balag ‘dropped’.",5
balai,"(N.) father of a married child as he stands
related to the father of his child’s spouse.
mibalai ‘be related as balai’.
(V.) mamalai ‘arrange a marriage’; abalai ‘be
made balai of someone’.",5
balas,"(N.) bullet, bullets.",5
balas,"(N.) sand.
Also the name of a barrio of Bacolor.
(V.) ma:malasmala’s ‘feels sandy’.",5
balat,(N.) birthmark.,5
balat,"(N.) skin (human, animal, fruit); bark (tree);
crust.",5
balen,"(N.) town.
kabalen ‘townmate’; kabalenan ‘the town
proper’; me:malen ‘the townspeople’;
mibalenbalen ‘related to each other as from
the same town’.
(D.) pambalen ‘civic’.",5
baliq,(N.) a woven shopping bag or basket.,5
balik,"(V.) mag-ba’lik ‘return’; i-balik ‘return
something’; balikan ‘return to somewhere’;
pabalikan ‘return something’.
(N.) kabalik ‘opposite, opponent’. kabalikan
‘reverse’.",5
balid,"(D.) crooked, twisted, incorrect. balidbali’d
‘ungrammatical speech’.
(N.) kabalidbalid ‘errors in grammar’.",5
balok,"(N.) a medicinal concoction, made from boiling
gizzard of duck or chicken in salt and water.
Said to be a remedy for appendicitis.",5
baluq,"(N.) knowledge. mikibaluq, makibaluq ‘people
who know’.
(V.) balwan, belwan ‘know something’; pabaluq
‘inform; ipabaluq; a:baluq ‘informed’; tabaluq
‘don’t know’.",5
balut,"(V.) ba’lut, ibalut ‘wrap something’.
magpabalut ‘have someone wrap’; makibalut,
pakibalut, a:balut, mibalut.
(D.) mabalut, makabalut.
(N.) balutan ‘thing wrapped’; pipag-balutan
‘thing used to wrap’.
26",5
balut,"(N.) aged but unhatched duck egg eaten as a
delicacy, snack.",5
banal,"(D.) holy, sacred.
Ding Banal a Kasulatan ‘The Holy Scriptures’.
(V.) magpakabanal ‘be holy, pretend to be holy,
make oneself holy’.",5
banda,"(N.) musical band.
(D.) mikiba’nda ‘be in possession of a band’.",5
banda,"(Prep.) proceeding, towards.
(V.) magbanda ‘go towards’; ibanda ‘move
something’; a:banda ‘something can be
moved’l.
(D.) makabanda ‘situated towards’.",5
bandi,"(N.) wealth, possessions. mikibandi ‘owner’;
ingat-bandi ‘treasurer’; pibandian
‘possessions’.
(V.) pabandi ‘possess, obtain’; pakibandi.
(D.) mabandi ‘owning, rich’; peka-mabandi
‘richest’.",5
bante,"(V.) guard, watch over. magbante, banten,
binte, pa:bante, makibante, pakibante, a:bante.
(N.) bante-plasdan ‘fishpond caretaker’;
bantayan ‘a watching place, waiting shed’.",5
bantu,"(V.) bantu-an ‘mix, dilute something’.",5
banus,"(N.) a furled leaf.
suman-ba’nus ‘a rice delicacy of the suman
type, wrapped in banus’.",5
banwa,"(N.) year; sky; heaven.
pabanwa ‘a whole year, first year’.
(D.) banwaqan ‘annually’; banwa-banwa
‘annua1ly’.
(V.) magpabanwa ‘going on one year’.",5
banyu,(N.) bathroom.,5
barag,(N.) a large lizard.,5
baril,"(N.) gun.
(V.) mamari’l ‘shoot’; barila’n ‘shoot
something’; berilan, be:ril.
(D.) mabaril.",5
baruq,"(N.) dress, shirt, clothing.
(V.) magba’ruq ‘put on a dress’; mamaruq
‘wearing a dress’; pa:maruwan ‘dress
someone’; makapabaruq.",5
barug,"(V.) barugan ‘beat someone, whip’. berugan,
pemarug.
(D.) mabarug.",5
baryu,"(N.) barrio.
kabaryu, barrio ‘mate’; mamaryu, memaryu
‘barrio folk’.
(V.) makipamaryu ‘be from the same barrio’.",5
basaq,"(V.) read. mama’ saq; a:basaq.
(N.) babasan ‘reader’.",5
basaq,"(D.) mabasa’q ‘wet’. mamasa:masaq ‘moist’.
(V.) magbasa’q ‘get wet’; basa’n ‘wet
something, soak something, irrigate
something’.
(N.) basa’n ‘rag, mop’.",5
basiq,(N.) alcoholic drink made from sugarcane.,5
batal,"(N.) neck.
(V.) batala’n ‘hit in the neck’; mipamatal.",5
batik,(N.) skin blemish.,5
bawal,"(St./D.) prohibited. makabawal ‘prohibited’;
kabawalbawalan ‘really verboten’.
(V.) bawalan, bewalan ‘prohibit something’;
pa:mawal, pa:bawal, mamawal, pakibawal.",5
bawas,"(N.) deduction, what is missing, what has been
subtracted.
(V.) bawasan, ibawas, bewas.",5
bawiq,(D.) a quality of fruit.,5
bayad,"(N.) payment.
(V.) babayad, mamayad, bayaran, beyaran.",5
bayag,"(N.) testicles.
(V.) bayagan ‘hit in testicles’. pakibayag,
a:pabayag, mipamayag.
(D.) mebayag ‘hurt in the testicles’.",5
bayat,"(N.) weight.
(V.) babayat ‘get heavy’. a:bayat, papabayatan
‘make heavier’, pasimbayatnan.
(D.) mabayat ‘heavy’.",5
belen,"(N.) 1. creche, Christmas nativity scene.
2. a female name.",5
bengi,"(N.) night, evening. na:be’ngi ‘last night’.
(D.) bengibe’ngi ‘nightly’; ma:be’n-gi ‘be
overtaken by night’.
(V.) magpabe’ngi ‘stay overnight, do something
overnight’; ke:be’ngian ‘be overtaken by night
because of something’.",5
berde,"(N.) green. maberdebe’rde ‘greenish’; kaberjan
‘off-color speech’.",5
bikan,"(N.) coconut shell.
bikan lalaki ‘(top half of c.s.)’; bikan babai
‘(lower half of c.s.)’. [metaphor] ‘skull’.",5
bigaq,"(N.) high clouds; halo around the moon.
35",5
bilad,"(V.) dry in sun (clothes, rice, meat, fish, wood).
i-bilad, pa:bilad, a:bilad.
(D.) me:bilad.
(N.) bilaran ‘place for drying’.",5
bilas,"(N.) wife of a brother-in-law or husband of a
sister-in-law.
(St.) mibilasbilas.",5
bilis,"(D.) mabili’s ‘swift, fast’.
(V.) bilisan ‘speed something up’; ibilis,
pa:malisan, pakibilisan, pa:-bilis, a:bilis.",5
bilug,"(D.) mabi’lug ‘round’.
bilugbi’lug ‘very round’.
(V.) bilu’gan ‘make round’; magbilug ‘form a
circle’; mangabilug, magpabilug, pa:bilug,
pa:milug.
(N.) kabilugan ‘entirety; full moon’.",5
biniq,"(N.) seed, seedling (fish).",5
biruq,"(N.) joke.
kabiruwa’n ‘one teased’.
(V.) biruwan ‘tease someone’.
pa:biruq, makibiruq, pakibiruq, pa:-miruq.
(D.) mabiruq.",5
bisaq,"(V.) [special–uninflected] ‘want to’.
(D.) mabisaq.",5
bistu,(V.) ma:mistu; bistwan ‘size something up’.,5
bisyu,"(N.) vice, hobby, custom, preoccupation.
(V.) magbisyu, mangabisyu, makibisyu.
(D.) mabisyu.",5
bitki,(V.) magbitki’ ‘hang oneself’.,5
bitin,"(N.) python.
(V.) ibitin ‘hug, squeeze someone’.",5
bitis,"(N.) foot, feet.",5
bitri,(N.) a kind of rice.,5
biyas,(N.) a segment of sugar-cane.,5
bosis,"(N.) voice.
kabo’sis ‘one who has the same-sounding voice
as another’.
(V.) pa:bosis ‘listen to another’s voice (to
establish identity)’.
pakibosis, a:bosis, a:bosisan.",5
broca,"(N.) brush.
(V.) magbro’ca ‘use a brush’; mamu-roca
[sexual meaning].",5
bruha,"(N.) witch, ugly personality.
(V.) magbru’ha ‘be a witch, act nasty’.",5
bukal,"(V.) boil. bubuka, binukal; mikal, bumukal
‘sprout’; bukala’n ‘give one a lump’;
pa:bukalan; pakibukalan; pakabukalan ‘boil
something thoroughly’.
(D.) mabukal.",5
bukas,"(N.) tomorrow. kabukasan ‘the next day’.
(V.) magpabukas ‘put off till tomorrow’.
(D.) kabukas ‘overnight’; kinabukas ‘spent the
night’.",5
bukuq,"(N.) bud of a fruit (coconut, mango) or flower
(sampagita, gumamela).
(V.) ma:mukuq.",5
bukud,"(D.) makabu’kud ‘separated’.
(V.) magbu’kud ‘live apart’; paki-bu’kud,
aibukud, mibukud.",5
bukul,"(N.) lump, swelling boil (on skin).
(D./St.) ma:bukul ‘has many lumps’.
ma:bukulan, mi:bukulan, a:bukulan, ke:bukul.",5
bugaq,"(V.) strike with thrown object. mamugaq,
a:bugaq, pakibugaq.",5
bugin,"(N.) bamboo, thornless variety.",5
buguk,"(D.) rotten.
mabugukbuguk ‘going crazy’.",5
bulaq,"(N.) bubble.
(V.) bubulaq, magbulaq, makibulaq, pabulaq,
pakabulaq, pa:mulan.
(D.) mabulaq ‘bubbly’.",5
bulak,"(N.) cotton.
(kapok? see bula’).
(D.) mabulak, kabulak; pekamubula,
makibulak.",5
bulad,"(V.) bubu’lad ‘talk, answer back’.
makabulad, pa:bularan, mi:bularan.
(D.) mabulad, bularan ‘talkative’.",5
bulag,"(St./D.) blind.
(N.) a blind person.",5
bulan,(N.) moon; month.,5
bulas,"(V.) bulasan ‘be spoken to angrily’.
bilasan, pa:bulas.
(N.) kabubulas.",5
bulig,"(N.) mudfish.
[metaphor] ‘penis’.",5
buluq,"(N.) 1. rice dust.
2. a wild bamboo used to make sawali walling
material.
3. fine hairs on stalk of sugar-cane, very itchy.
(D.) mikibu’luq ‘fuzzy’.",5
buluk,"(D.) rotten, fetid.
mabuluk.
(V.) pa:buluk ‘allow to become fetid’.",5
bulus,(V.) bubulu’s ‘rush into something’.,5
bulyo,"(V.) shout.
bubulyo, mamulyo, pa:mulyo, bulyo’n ‘shout at
someone’, bilyon, mipabulyo, pakibulyo.",5
bumba,"(V.) pump, spray.
mamumba; makapamumba; bumban ‘spray
something’; pa:bumba; pakibumba; i-bumba
‘spray something for one’; pa-mumban.
[metaphor] ‘have sexual intercourse’.",5
bunga,"(N.) fruit.
bungang-aldo ‘heat-rash’.
(V.) mamunga ‘bear fruit’; pa:bungan
‘share-crop’.
mabunga ‘bearing fruit abundantly’.",5
bunsu,"(N.) baby, youngest in a family. pekabunsu’ ‘the
youngest’.",5
bunut,"(N.) coconut husk used for polishing floors.
(V.) mamunut, bunutan ‘husk-polish
something’, pakibunut, a:bunut, mabunut.",5
burak,"(N.) mud.
bu’rak-biti’s ‘farmer [derogatory]’; bura’kan ‘a
muddy place’; pipagburakan ‘wallowing hole’.
(D.) maburak ‘muddy’.
(V.) buburakan ‘put in mud (e.g. balut)’;
magburak ‘play with mud’.",5
burat,"(V.) pull back foreskin of penis.
buburat, birat; pa:murat.",5
buren,See paburen.,5
burul,(D./St.) makaburul ‘lie in state’.,5
busal,"(V.) insert between two things.
busalan, pabusalan, pabusal, ibusal.
(N.) busal ning mais ‘corncob’.",5
busal,(V.) busalan ‘hit someone with raised knuckle’.,5
butil,"(N.) kernel, grain.",5
butit,"(N.) calf of leg.
(V.) butitan ‘hit in calf’; bititan.",5
butuq,"(N.) penis.
bu’tung-bulu’gan ‘plow blade’.
[lit. ‘penis of boar’].",5
butul,"(N.) seed, stone, bone.
pangabutul ‘size of seed’; utak ning butul
‘bone marrow’.
(D.) mikibutul ‘having seed(s)’.",5
byuda,(N.) widow; see ba’lu.,5
byung,"(N.) roaring sound.
(V.) biyung, binyung; mamyung, memyung.",5
kabaq,"(N.) length.
(V.) kakabaq, kakaban ‘lengthen something’;
magpakabaq ‘stretch self’; pakikabaq;
ikabaq; a:kabaq; pakabaq; pakaban;
mipakabaq.
(D.) makabaq; makabakabaq.",5
kabaq,(N.) tu’lung-kaba’q ‘triangle’.,5
kabag,"(N.) a kind of bat (mammal).
(D.) ma’kaba’g ‘bat-infested’.",5
kabit,"(V.) put, fix, attach. mangabit, pa:kabit,
pakikabit, ikabit, pa:ngabit, ka:bitan,
makapangabit.
(N.) kabi’t ‘common-law wife’.",5
kabli,"(N.) electric wires, cable, other wire.
kabligra’ma ‘cablegram’.",5
kabud,"(Q.) unexpectedly, unannounced.
kabudkabud; [syntactically comparable to
agad].",5
kakaq,(N.) older brother.,5
kakak,"(V.) stutter.
mangakakak ‘stutter repeatedly’; me:kakak.
(D./St.) makakak ‘conducive to stuttering’.",5
kalat,"(V.) scatter.
magkalat, magkalatkalat; pangalat,
makikalat; pa:kalat, ikalat; mipakalat,
mikakalat, a:kalat.
(D.) makalat.",5
kalis,"(V.) kalisan ‘cut (hair–as scraping a pig’s
carcass, grass, cane)’.
mangalis, pakikalis, makikalis, a:kalis,
makapangalis, pa:ngalis.",5
kaluq,(N.) pulley.,5
kalyu,"(N.) corn, callus.
(V.) magkalyu ‘get calluses’, maka-pangalyu.
(D.) makalyu, makikalyu, mangakalyu.",5
kampu,"(N.) base (e.g. Clark Field).
kampusa’ntu ‘cemetery’.",5
kanal,"(N.) canal, ditch.
(D.) mekanal ‘fell in a ditch’.
(V.) pa:kanal ‘have a ditch dug’.",5
kantu,"(N.) corner.
(V.) magkantukantu ‘stand around on the
corner’; pakantukantu.",5
kanuq,"(N.) American, Caucasian (i.e. does not
include American Negroes).",5
kanyu,(N.) pig slop.,5
kapad,"(D.) appropriate, fitting, suited, at ease with.
kapadkapad.
(V.) maningapad.",5
kapal,"(N.) thickness.
(D.) makapal ‘thick, wide’; makapal a lupaq
‘thick-faced’.
(V.) pakapalan ‘make something thick’;
a:kapal.",5
kapis,"(N.) Capiz, a province of Panay,
believed to be the home of aswang.",5
kapit,"(Q.) by-the-head (manner of selling). porkapit,
kapitkapit.",5
kapit,"(Q.) together.
(N.) a type of banana, grows with the fruit
bunched together.
(V.) kapi’tan ‘be close to someone, especially
to one in power’.",5
kapri,"(N.) a spirit, said to be tall, black, smoking
foot-long cigars, and appearing at night.",5
karat,"(V.) ‘making babies’.
kakarat, kinarat, makakarat, mangakarat,
makikarat, ke:rat, pakikarat, magpakarat,
pa:karat, pangarat, a:karat, ka:karatan.
(D.) makarat.
(N.) pa:mangarat.",5
karen,"(Substitute) those, king-case.",5
karga,"(N.) baggage.
(V.) carry.
kargan, magpakarga, pakikarga, pa:karga,
pa:ngarga, ikarga, a:karga, mipakarga.
(D.) makarga.",5
karin,(Substitute) location ‘there (far)’.,5
karta,"(N.) letter.
karte’ro ‘mailman’.",5
karug,"(V.) kakarug ‘tremble’, kinarug, makikarug,
pa:karug, a:pakarug.
(D.) makarug.",5
kasal,"(N.) marriage, wedding.
talakasal, kasal-wes ‘civil ceremony’.
(V.) kakasal, kinasal, ke:sal; ikasal;
magpakasal; pa:kasal; pa:ngasal; a:kasal;
mipakasal.
(D.) makasal, me:kasal.",5
kasat,"(N.) tantrum.
(V.) kakasat ‘throw a tantrum’.
kinasat, magkasat, a:kasat, ke:sat, pa:ngasat,
pangakasat.
(D.) makakasat ‘in a tantrum state’.",5
katat,"(V.) flay (hack?).
kinatat, katatan, ma:ngatat, pa:katat,
pa:ngatat, a:katat.
(D.) makatat.",5
katri,"(N.) bed.
(V.) manga’tri ‘lie abed’.",5
katun,"(N.) alphabet; see kanti’lya, ko’digo.",5
kacap,"(V.) (Eng. ‘catch up’).
a:ka:cap ‘understand, grasp’.",5
kaung,"(V.) bark of a dog.
kakaung.
(N.) bark of a dog.",5
kawag,(N.) the smallest fingerlings in fishponds.,5
kayaq,"(Adjunct) doubt, possibility.",5
kayag,"(V.) attract.
kakayag.",5
kayan,(V.) See ka’i.,5
kayas,"(V.) whittle.
kayasan, ke:yasan, mangayas, makakayas,
pa:kayas, pa:ngayas, a:kayas.
(D.) makayas ‘whittled’.",5
kendi,(N.) candy.,5
keraq,"(D./St.) makake’raq ‘resting, lying down’.
(N.) pagkeran ‘bed, resting place’.",5
kesaq,"(Q.) than (in comparative construction).
mas…kesaq.",5
kilik,"(V.) kilikan ‘carry (a baby) on one’s hip’.
mangilik, maka:kilik, pakikilik, a:kilik,
pangikikan.
(N.) pa:mangilik.
(D.) makilik, mekilik, makakilik.",5
kilus,"(N.) gesture, movement, campaign.
(V.) kikilus, kinilus, kumilus.",5
kimse,(N.) celery.,5
kimuq,(D./St.) unaccustomed.,5
kimut,"(N.) [rare] puppet show, movie.
(V.) kikimut ‘move around’.
mangimut, pa:kimutan.",5
kinis,"(V.) nip, nibble, be stung.
kininis, kinisan, manginis.
(D.) mekinis ‘was bitten, nipped, stung.",5
kirat,"(V.) wink.
mangakirat, pangakirat.
(N.) ki’rat ‘slanted eyes’.",5
kirut,"(V.) surprise (someone).
mamakirut, mipakirut ‘be surprised’,
pamakirutan.",5
kitig,"(N.) a fine mesh fish net.
(V.) ma:ngitig ‘fish with a kitig’. mengitig.",5
klasi,"(N.) class; kind, type.
kaklasi ‘classmate’.",5
kopas,"(N.) one of the suits in the card game, monte.",5
kukuq,"(N./V.) cough.
ma:ngukuq, makikukuq, mipakukuq,
mangapanguku, magpakukuq.",5
kulam,"(N.) sorcery.
magkukulam ‘sorcerer’, pangapangkukulam
‘the likeness of a sorcerer’.
(V.) kulaman ‘bewitch someone’, ki:laman
‘was bewitched’, magpakulam, mangakulam,
pakikulam, a:kulam, a:pangulam, makikulam,
mipangulam.
(D.) makulam, mekulam.",5
kulap,(V.) remove lice.,5
kulas,"(N.) nickname of Nicolas.
69",5
kulti,"(V.) ma:ngulti ‘soaking corns/calluses in a
lime solution’.
pangulti, pa:kulti.",5
kulul,"(D.) the color of –.
kululu’bi ‘violet (color of the ube tuber)’,
kulule’bun ‘egg-colored’.",5
kulut,"(St./D./V.) curl(ed).
kulutan, kilutan, mangakulut, maka:kulut,
makikulut, pakikulut, pa:kulut, a:pakulut,
a:pangulutan, pa:ngulutan.
(D.) makulut ‘curly’; makakulut.",5
kunaq,(N.) baby bed.,5
kuneu,"(N.) rabbit.
(V.) manguneu ‘hunt rabbits’.
(D.) makuneu ‘rabbit infested’.",5
kupal,"(N.) 1. almasiga resin (?). (Spanish copa)
2. semen; vaginal lubricant.",5
kupas,"(V.) fade.
kumupas, ma:ngupas.",5
kupiq,(N.) name (for a dog).,5
kural,"(N.) corral, e.g. kural-damulag.",5
kuran,"(N.) a large pot, used for cooking rice.
Bakit, dadala ke wari ing kuran? Why, did you
want the pot to bring me? [an idiomatic
expression said to one who has kept you
waiting].",5
kurap,"(V.) blink eyes; see kirat.
kukurap, magkurap, pa:kurapan, pa:ngurap,
a:kurap, makakurap.",5
kurus,"(N.) cross, crucifix.",5
kutis,"(N.) skin-color, pigmentation.
(V.) a:kuti’san ‘be recognized, be identified’.",5
kutud,"(N.) something cut [Bergaño]; a section of
San Fernando noted for its residents’
performing penitential acts on Good Friday.
magkukutud ‘an evil person or witch said to
be able to separate upper half of body from
lower and fly; see aswang.",5
kuwat,"(N.) ‘mushroom’ in the Sta. Rita dialect,
according to Bacolor informants.",5
kuyad,"(D.) makuyad ‘short, not long’.
(V.) mangakuyad, pa:kuyad, pa:nguyad,
pa:nguyaran, a:kuyad, ikuyad.
(St.) makamakuyad.",5
dakal,"(N.) many, much.
marakal, merakal, pekamarakal, kasing-dakal.
(V.) a:parakal, ka:rakal, pa:ngarakal, pa:rakalan,
miparakal.",5
dakap,"(V.) catch, apprehend.
magdakap, makarakap, manyakap, pakirakap,
dakpan, darakpan, pa:nyakap, panyakpan,
a:rakap.
(D.) marakap, merakap.",5
dagis,"(N.) rat(s).
dagi’s-bale’, dagi’s-pa’le.
dagisdagi’san = tigsang dagis ‘a lump in flesh
caused by a sharp blow’.",5
dagul,"(V.) grow big(ger).
daragul, dinagul, idagul, mandagul, mindagul,
pa:ragul, a:dagul, pandagul, pindagul,
77",5
dalan,"(N.) road, way, passage.
(V.) dalanan ‘pass by for someone’.
dinalan, pa:dalan, makidalan ‘pass between",5
dalas,"(D.) madalas/maralas ‘often’.
pekamadalas/pekamaralas, kasingdalas,
makidalas.
(V.) pa:ralas/pa:dalas, pandalas, idalas, a:dalas.",5
dalig,"(N.) wall, partition.
(V.) daligan, de:ligan, magdalig, makidalig,
maka:pandalig, makidalig, pa:dalig, a:dalig,
mi:daligan.
(D.) madalig, medalig, makadalig, kadalig, kasing
dalig.",5
dalit,"(N.) chant, song. pa:mandalit.
(V.) dadalit ‘sing, chant’.
magdalit, makadalit, pakidalit, makidalit,
pa:dalit, idalit, a:dalit, de:litan.",5
dalum,"(N.) lawsuit, complaint.
(V.) magdalum, pa:dalum, makapagdalum,
pakidalum, makidalum, idalum, a:dalum,
mipadalum, mandalum, de:lum.
(D.) madalum, medalum, makadalum.",5
damas,(N.) bridesmaid.,5
damiq,"(N.) a female nickname, from Damasa.",5
damut,"(N.) apology, excuse.
(V.) magdamut, makipagdamut, pagdamutan.",5
danum,"(N.) water.
danu’man ‘ocean, body of water’.
(V.) mamaranum ‘water something’.
magparanum, danuma’n, pakidanum, pa:ranum,
panyanuman.
(D.) madanum, medanum, makadanum,
makidanum.",5
danup,"(N.) hunger.
makidanup ‘starvation’.
(V.) danupan, dumanup, pa:ranupan ‘make (pigs)
hungry’, mangadanup.
(D.) madanup, medanup, pekamaranup.",5
dapaq,"(V.) lie flat, with face down.
(D.) madapaq ‘lying flat’.",5
dapat,"(V.) (spec.) ‘should, ought to’.
(N.) karapatan ‘rights, duties, obligations’.",5
dapat,"(N.) business, affairs, concern. karaptanan ‘result
of a deed’.
(V.) magdapat ‘take care of something’.
magparapat, makadapat, makidapat, depatan,
pakidapat, de:pat, pa:dapat, pa:nyapat, a:dapat/
a:rapat.
(D.) madapat, medapat, makadapat.",5
dapot,"(Subcomb.) but, however.",5
dapuk,"(V.) dinapuk ‘put inside’. makapandapuk,
pakidapuk, pa:dapuk, pandapuk.
(D.) marapuk, merapuk, makadapuk.",5
dapug,(N.) bonfire.,5
dapug,"(N.) trash pile (e.g. leaves and other yard
sweepings).
(V.) magdapug ‘sweep up trash’, maka:dapug,
dapugan, de:pugan, maka-pandapug, makidapug,
pakidapug, pa:dapug.
(D.) madapug.",5
dapot,(Cocomb.) but.,5
daraq,"(V.) dadaraq ‘thresh palay’; see darak.
pakidaraq, pa:daraq, a:daraq, daran ‘thresh
something’, de:raq.
(D.) madaraq, medaraq, makadaraq.
(N.) pa:mandaraq.",5
darak,"(N.) rice-bran. dara’k-mai’s, dara’k ko’nu.
(V.) magpadarak.",5
datuq,"(N.) leader [rarely used except with reference to
Southern Philippines or to olden days].",5
dayaq,"(N.) blood. karayaq ‘one with same blood type’.
(V.) darayaq, dinayaq, mangarayaq, pa:rayan,
makidayaq.
(D.) madayaq, marayaq. matua(king)dayaq ‘e.g. a
nephew older than his uncle’.",5
dayap,See dalayap.,5
dayat,"(N.) fields, rice-fields. dayat-malat ‘ocean, sea’,
dayatan, dayatdayatan. c.f. Arayat.",5
derit,(N.) a kind of fish net.,5
dikut,"(N.) grass.
(D.) madikut, medikut, mikadikut.
(V.) pa:dikut, makidikut, pakidikut.",5
dilaq,"(N.) tongue; fangs (?) of snake. mayumu-dilaq
‘sweet-talking’; see dilat-.",5
dilat,"(V.) dilatan ‘lick something’. mandilat ‘stick
tongue out’, pandilatan ‘stick tongue out at
someone’.
(N.) pa:mandilatan ‘the act of sticking one’s
tongue out’; see di’laq-.",5
diliq,"(Q./N.) self; [superlative constructions] ikandiliq
‘you alone’, malaguqdiliq ‘the prettiest’.
(V.) magdilidiliq ‘live alone’; see sariliq.",5
diluq,"(V.) mandiluq ‘take a bath’. makapandiluq,
makidiluq, pakidiluq, pa:diluq, padiluwan,
pandiluwan, a:diluq.
(D.) madiluq, mediluq, makadiluq.",5
dimla,"(N.) cold, coolness.
(D.) marimla ‘cold, cool, chilly’. kasingdimla,
pekamarimla.
(V.) magmarimla ‘e.g. wear a sweater’. pa:rimlan
‘chill something’, a:parimla, miparimlan.",5
dinat,"(N.) dirt; human waste.
(D.) marinat ‘dirty’. medinat, ka:dinat, pekadinat,
kasingdinat.
(V.) magdinat, makapandinat, panyinat,
pa:rinatan, mangarinatan.",5
disul,"(N.) a kind of leaf used as a poultice to draw out
slivers.",5
ditak,"(D.) few, a little. maritak, meritak.
(V.) diritak ‘become few(er). mangaritak, ke:ritak.
(N.) a daquiri-like drink made of rum, 7-up, and
pineapple juice.",5
dukit,"(V.) carve, make carvings, make up. magdukit,
mandukit, makidukit, pakidukit, dinukit
(dukitan?), makapandukit, pa:dukit, a:dukit,
idukit, pa:ndukit.
(D.) madukit, medukit, makadukit.",5
dukuq,"(V.) crouch, bow, bend. cf. balikuku, baluktut
idukuq ‘bend something’.",5
dugpa,"(V.) alight, land on, strike (as, a butterfly on a
flower, water on a person).
dinugpa/digpa, dipaning-alti ‘[a curse] May
lightning strike you!’.",5
duluk,"(D./St.) burned (e.g. overcooked rice).
maduluk, meduluk, makaduluk.
(V.) makiduluk, pakiduluk, pa:duluk, pa:ndulukan.",5
duman,"(V.) pounding rice [sometimes to the
accompaniment of music]. cf. bayụ́ magduman,
dumanan, makipagduman.
(N.) pa:magduman.",5
duraq,"(N.) spit, saliva; see luraq.",5
duray,"(N.) a female nickname, from Dorotea.
88",5
durun,(N.) locust.,5
duruq,"(N.) bride-gifts.
(V.) manduruq, pa:duruq, duruwan ‘bargain for
something’.",5
durut,"(N.) whirlpool, vortex.
pidurutan ‘crank’.
(V.) dudurut ‘whirl, spin around’. mandurut,
makadurut, pakidurut, makipandurut, pa:durut,
a:dudurutan, pa:ndurutan, a:pandurutan, idurut,
midurut.
(D.) madurut, medurut, makadurut.",5
eljin,"(N.) Elgin watch (a first-class watch); [metaphor]
‘serious case of veneral disease’.",5
eneru,(N.) January; see janwa’ri.,5
ester,"(N.) a female name.
bua’k-nang-e’ster ‘an ornamental plant which has
no roots’.",5
gabak,"(N./D./St.) tear, rip.
makagabak.
(V.) gabakan.",5
gabun,"(N.) earth; soil, dirt.
(V.) maggabun, makigabun, gabunan,
ge:bunan.
(D.) magabun, megabun.",5
gagaq,(V.) cry out.,5
gamat,"(N.) hand [sometimes used to mean lower arm
in general].
papaggamatan.
(V.) maggamat ‘eat with hands’.
manggamat, pa:gamatan ‘have someone eat
with his hands’.",5
gamit,"(V.) use.
gagamit, ginamit, gumamit, mangamit,
gamitan, igamit, pa:gamit, a:gamit, a:pagamit,
pa:ngamit, pa:ngamitan, magpagamit,
maka:gamit, makigamit, mipagamit.
(D.) magamit, megamit, makagamit.",5
gamus,"(V.) scratch; plow, rake.
gamusan, ge:musan, ginamus, manggamus,
makigamus, pakigamus, makapangamus,
pa:gamus, a:gamus, pa:ngamus, mipangamus.
(D.) magamus, megamus, makagamus
‘plowed’.
(N.) pangamus ‘rake’.",5
ganap,"(D.) perfect, finished, complete. makaganap
‘can be finished’.
(V.) ganapan ‘finish something, accomplish
something’, ge:nap, ge:napan.",5
gansa,(N.) goose.,5
gapas,"(V.) cut, as in harvesting rice.
manggapas, magpagapas, pa:gapas, a:gapas,
pakigapas, pangapas, gapasan, ge:pasan,
igapas.
(N.) panggapas ‘the tool used for…’.",5
gapis,(N.) a kind of banana.,5
gapus,"(N.) binder, fetters, chain.
(V.) gagapus ‘be bound, tied’.
ginapus, gapusan, gagapusan, ge:pusan,
manggapus, pa:gapus, a:gapus, igapus,
makigapus, pakigapus, migapus.
(D.) magapus, megapus.",5
gaslo,"(D.) magaslo ‘dowdy, vulgar’.",5
gatal,"(D.) magatal ‘itchy’. megatal, pekamagatal,
kagatalan.
(V.) ma:nggatal.",5
gatas,"(N.) milk.
maggagatas ‘milk vendor’.
(V.) pakigatas, pa:gatas, pa:ngatasan, gatasan
‘milk an animal’, ge:tasan.
(D.) magatas ‘lactating’.
megatas, makagatas.",5
gawaq,"(V.) gawaq, gagawan, ma:ngawaq; ginawaq,
gewa, mengawaq; gumawaq, gawan,
mangawaq; makagawaq; pa:gawaq; igawaq
‘make something for someone’.",5
gawiq,"(N./St.) habit, custom.
pekagawiq.
(D.) magawiq, megawiq; makagawiq
‘habit-forming’
(V.) a:gawiq, a:gawyan, mipagawiq.",5
gayak,"(V.) decorate; dress up fancily.
gagayak, igayak (Ben.), maggayak,
makigayak, maka:gayak, pa:gayak, a:gayak,
pa:ngayak, mangayak.
(N.) kagayak ‘one decorated the same’,
pa:mangayak.
(D.) makagaya’k ‘be dressed fancily’, ka:gayak
‘very fancily decorated’, pe:kagayak.
98",5
gayad,"(N.) a net used in fishponds for catching the
smaller atiran.",5
gigit,(V.) gigigit ‘gnash teeth’.,5
gigut,"(V.) chew, break seeds open with teeth.
manggigut.",5
giliq,"(N.) slice.
(V.) gigiliq, gilyan, igiliq, ma:ngiliq,
maka:giliq, pa:giliq, pa:ngiliq, a:giliq, ke:giliq.",5
gilid,"(N.) edge, brim, brink, side; see tagilid.
(V.) mangilid ‘be on the brink, almost
overflowing’, mangilid-lwaq ‘be on the brink
of tears’, managilid ‘have diarrhea’.",5
gintu,(N./D.) gold.,5
gisan,"(St./D.) used up, consumed.
megisan, makagisan.
(V.) gisan, ginisan, gisanan, mangagisan,
pa:gisan, a:gisan, ke:gisan.",5
gubat,"(N.) forest; overgrown fields. gubatan ‘forest,
deep-mud fields’.
(D.) magubat.",5
gulis,"(N.) line, stripe.
(V.) manggulis, maka:gulis, makigulis,
pakigulis, igulis, a:gulis, migulisan,
pa:ngulisan, gulisan, ginulis ‘planned,
blueprinted, diagramed.
(D.) magulis, megulis, makagulis.",5
guluk,"(N.) a preventative measure (magical) taken,
e.g. as one is about to fight. In a knife-fight,
one first sticks the knife into the ground.",5
gulut,"(N.) back (person, hand, house). kagulutan,
pa:manggulut.
(D./St.) makagulut ‘with back turned’.
mipagulut, pigulut, manggulut, pa:gulutan.",5
guyud,"(N.) a kind of rope; craving.
(V.) guyuran ‘drag something’.",5
hilut,See ilut.,5
absiq,"(D./St.) satisfied, full (of food).
(V.) magpakabsiq, mangabsiq, mabsiq,
pakakabsiq, pekakabsiq, kasingkabsiq.",5
qatik,"(N.) money, wealth [slang?].
(D./St.) meqatik, makiqatik, mangayatik.",5
qilig,"(D./St.) have a taste for, be fond of.
maqilig, makiqilig.",5
qimuq,"(V.) wash face.
manqimuq/manimuq, imwan.",5
qinum,"(N./V.) drink.
(N.) inuman ‘place to drink; thing to drink’.
pa:maninum/pa:manqinum; i:num ‘thing
drunk’.
(V.) minum, miminum, ininum/qinqinum,
a:yinum, na:nqinum, pa:qinuman, pa:ninum.
(D.) maqinum ‘potable’.
meqinum, makiqinuman; makaqinum ‘drunk’;
miqinum.",5
qisip,"(V.) think.
mi:sip, minisip, makiqisip, pakiqisip, isipan,
inisip; pa:qisip, a:yisip; pa:misipanan.
(D.) maqisip ‘thoughtful’.
pekamayisip, kasingqisip.",5
qisis,"(V.) annual or bi-annual scrubbing of houses.
ma:nisis, pa:yisis, a:yisis, pakiqisis, makiqisis.
(D.) maqisis, meqisis, makaqisis.
(N.) pa:manisis/pa:manqisis, pekaqisis.",5
qurud,"(V.) hair-cut.
ma:nqurud, inqurud, pa:qurud, ururan,
pa:qururan.",5
quyab,"(V.) yawn, belch (?).
ma:nquyab/ma:nuyab.",5
igpaq,"(N.) father (somewhat formal).
Ibpa Mi ‘Our Father (Lord’s prayer)’.",5
ikami,"(Subs.) we (not address); alternates with ike;
short form: kami/ke.",5
iglip,"(D./St.) drowsy.
(V.) magpaiglip ‘dozing off’.",5
igpit,"(V.) igpitan ‘tighten something’.
manigpit, mangaigpit, makiigpit, pa:igpit, a:igpit,
ke:igpit, maipanigpit, kayigpitan.
(N.) pa:manigpit; igpitan ‘a special enclosure in
fishponds (stage after the biyayan nursery)’.
(D.) maigpit, meigpit, makaigpit, kasingigpit,
pekamaigpit.",5
imbes,"(Q./Prep.) instead of.
[usually followed by king].",5
impis,See qimpi’s ‘thin’.,5
inata,? (plants growing under water).,5
indam,"See andam, dam.",5
inete,"(N.) one who tends a horse or carabao; jockey.
(V.) magqinete.",5
inyad,"See manyad, manyawad.",5
ingat,"See qi’ngat ‘beware, watch out for’.
(N.) ingat-bandi ‘treasurer’.
(V.) ingatan, ipakiqingat.",5
iskuq,"(N.) male nickname, from Francisco.",5
labak,"(N.) lake, swamp, marsh.",5
laban,"(V.) oppose, compete, fight against.
laban-asbuk ‘argue’; lalabanan, le:banan,
makilaban, pakipaglaban, pa:labanan, a:kalaban,
pilalaban, ke:labanan.
(N.) kalaban ‘opponent’.
milalaban, akalaban, pakalaban ‘thing go oppose
with’, pa:laban ‘the fight promoter’.",5
labas,"(V.) pass by, pass through (in the process of
leaving, going out).
lalabas, linabas, labas, makilabas, milabas.",5
labiq,"(N.) lip(s).
(V.) lalabian ‘stick lip out at someone’.
(D.) malabiq ‘having big lips’; kalabiq.",5
labiq,"(N.) excess, what is left-over, survivor.
labing-metung ‘elevent’; labing-aduaq ‘twelve’;
labing-atlu ‘thirteen’; [etc.].
(V.) labinan ‘survive something’.
114",5
labit,"(V.) lalabit ‘blabber, chatter without stopping’.
maglabit.
(D.) malabit ‘talkative’.",5
labuk,(N.) topsoil in a rice paddy.,5
labug,(D.) malabug ‘murky (water); blurred (vision)’.,5
labul,"(V.) blow air into something.
labulan, lalabulan, le:bulan.",5
lakad,"(V.) walk.
lalakad; pa:lakaran ‘send on an errand’.
(N.) gait, pace; course.
lakad ning panaun, pa:maglakad.",5
lakal,"(N.) a woven rattan ring for supporting
round-bottomed pots on flat surfaces.",5
lakto,"(V.) maglakto ‘skip, omit something’.
lakton.",5
layit,"(N.) scythe, a curbed bolo used in cutting palay.
kalait ‘hook’.
(V.) laitan ‘cut something with lait’.
a:lait; kalaitan ‘catch something with a hook’;
ke:lait, pangalaitan/pangkalaitan.",5
lagaq,"(V.) boil.
ilagaq, linagaq.",5
lagad,"(D.) malagad ‘seldom, rarely’.",5
laguq,"(N.) beauty.
(D.) malaguq, kalaguq, melaguq.
(V.) lalaguq, la:guq.",5
lalam,"(N.) the underneath-area; depth; (speech) old,
fancy, obscure.
(D.) malalam ‘deep, below’
malalam, pekamalalam ‘deepest’; mipalalam ‘been
put under’.",5
lalbe,See -albe.,5
laman,"(N.) contents; fleshy.
kalamnan ‘contents, table of’.
(D.) malaman.",5
lamat,"(N.) crack (in a glass, pottery).
(D.) makilamat.",5
lanam,(D.) malanam ‘smell or quality of rotting fish’.,5
lanat,"(D.) a quality of fruits.
[opposite of malambut, mibawiq].",5
lande,"(N.) slat, bamboo slat.",5
lango,"(N.) housefly.
(D.) malango ‘fly-infested’.",5
lapad,"(N.) width.
(D.) malapad ‘wide, thick’.",5
lapat,"(D.) exact, fit, adjusted.
(V.) ilapat ‘adjust something’.
(N.) pangalapat.",5
lapis,(N.) pencil.,5
lapit,"(V.) lapitan ‘draw near to something’.
linapit, lumapit, milapitan, a:lapit, a:kalapit.
(D.) malapit ‘near, adjacent’.
kalapit.",5
laraq,(N.) pepper.,5
laram,"(N.) lie, falsehood.
kalaraman.
(V.) maglaram.",5
larga,"(V.) proceed, let…loose.
linarga ‘let loose, given slack’.",5
laruq,"(N.) oil (usually from coconuts, used formerly–now,
by old women– as a hair dressing); also applies to
vegetable oils, motor oil.",5
lasak,"(V.) lasakan ‘destroy something’.
lesakan, maglasak, makapaglasak, mangalasak,
pakilasak, pa:lasak, a:lasak, pa:nlasak, ke:lasak.
(D.) malasak ‘torn down’.",5
lasuq,(N.) ribbon; also some sort of mouth sore.,5
lasun,"(N.) poison.
pa:maglasun.
(V.) lasunan ‘poison someone/thing’; le:sunan,
maglasun, makapaglasun, makilasun, pakilasun,
pa:lasun, a:lasun, ke:lasun, mangalasun, pinlasun.
(D.) malasun, melasun.",5
latiq,"(D.) malatiq ‘small’.
(V.) lalatiq ‘grow small’; ilatiq ‘make something
smaller’; magmalatiq, magpalatiq, pa:latian,
mipalatiq.
(N.) kalatian.",5
latik,"(N.) a sauce of sugar and toasted coconut.
(D.) malatik ‘a phase of the moon when it is small’.",5
lawun,"(D.) old, worn out; dehydrated, dessicated.
laun-ayabyas.",5
lawut,"(D.) malaut ‘far’.
makalaut.",5
lawas,"(N.) sluice, irrigation gate.",5
layag,(V.) maglayag ‘sail’.,5
libad,(N.) twists-and-turns.,5
libru,(N.) book.,5
libut,"(V.) lilibut ‘go around’.
lumibut, maglibut, makalibut, pa:libut, a:libut,
pa:nlibutan.",5
likas,"(V.) remove contents from one place and put in
another, transfer, translate; see lukas.
lilikas, linikas, ilikas, pa:likas.
(N.) talapaglikas ‘interpreter’.",5
likut,"(D.) maliku’t ‘overactive, always moving, restless,
fidgety (usually of children–in Filipino English the
child is said to be “moveable”)’.",5
lider,(N.) (Eng. ‘leader’) a political ward boss.,5
ligaq,(V.) boil.,5
ligat,"(D.) maligatligat ‘soft, sticky; smooth texture’.
kaligatan ‘just right’.",5
ligid,"(V.) liligiran ‘surround’.
aligiran, pa:ligiran.
(N.) paligid ‘surroundings’.",5
liguq,(V.) liliguq ‘fishing’.,5
lilyu,(D.) dizzy; see -lyu.,5
linis,"(V.) maglinis ‘clean’.
linisan, mangalinis, pa:linis.
(D.) malinis ‘clean’.",5
lingo,(D.) malingo’ ‘hysterical’.,5
lipak,"(N.) callus; blister.
(D.) malipak ‘callused’.
(V.) maglipak.",5
lipat,"(V.) move, transfer, change places. maglipat, ilipat,
linipat, palipatan, makilipat, pakilipat, palipatlipat,
milipat.
(N.) pipaglipatan, pilipatan.",5
lisik,(D.) malisik; see maliksiq.,5
litid,"(N.) tendon, cartilage.
lilitid.
(V.) litiran ‘cut the tendon’.",5
litru,"(N.) a liquid measure used with gasoline and
kerosene; a dry measure used with palay, also the
box used to measure palay.
[six litru = one patiq].",5
liwas,"(V.) take someone’s place; pass going in opposite
directions and fail to meet.
miliwas.",5
liyas,(N.) small lice.,5
loren,(N.) a male name.,5
lubak,"(D.) malub, makalub.
(V.) lubakan ‘loosen something’.
(D.) malubak ‘be loose’.",5
lubas,"(D./St.) naked, nude.",5
lubid,"(N.) rope.
lukswanan-lubid ‘skip-rope’.",5
lukaq,"(D.) malukaq ‘humble, poor’.
(V.) pe:malukaq.",5
lukas,"(V.) take off (clothes).
lukas, likas, maglukas, paglukas, pa:lukas, a:lukas,
ilukas.
(N.) lukas-paldas ‘the removing of ceremonial
black (clothes or ribbon) one year after a family
death’.",5
lukub,"(V.) lulukub ‘hatch eggs; live with relatives’.
lukuban.",5
lukut,"(V.) roll things up.
maglukut, pakilukut, pa:lukut, a:lukut.
(D.) malukut, melukut, makalukut.",5
lugaq,"(N.) earwax.
(D.) malugaq ‘have plenty of earwax’.",5
lugal,"(N.) place, location, space.
(V.) ilugal ‘give place to someone’.
milugal.",5
lugud,"(N.) love.
kalugudlugud ‘dear ones’; ka:luguran ‘beloved,
sweetheart’; kaluguran ‘friend’, (pl.) kakaluguran.
(V.) kaluguran ‘love someone’.
makikaluguran, mikaluguran.
(D.) malugud ‘dear’.",5
lulaq,"(N.) clouds, overcast; see lulam.
(D.) malulaq ‘cloudy, overcast’.
(V.) maglulaq ‘be about to rain’.",5
lulam,"(D.) malulam ‘cloudy, about to rain’.",5
luluq,(N.) race (contest).,5
lulud,"(D.) melulud ‘barked (shins)’.
129",5
lulun,"(V.) roll up (mats); see lukut.
lululun.",5
lulut,"(D.) malulut ‘ripe, mature (fruits)’.
malululut.",5
lumbe,"(V.) watch, observe; see -albe.
lumbe, limbe.",5
lumud,"(St./V./D.) drown.
malumud, melumud, pinlumud.",5
lumot,"(N.) algae, moss, seaweed.",5
lunas,"(N.) that part of a plow which pushes the turned
up dirt away from the blade.",5
lunis,"(N.) Monday.
(D.) malulunis, melunis, mangalunis ‘have bad
luck on Monday and spoil the whole week’.",5
lunus,"(D./St./V.) malulunus ‘pity someone’.
melunus.",5
lupit,(D.) malupit ‘cruel’.,5
lutas,"(V./St./D.) finish.
linutas.",5
lutuq,"(V.) cook.
maglutuq, pa:lutuq.
(D.) malutuq ‘cooked’.",5
lutuq,"(D.) malutuq ‘red’.
malutu:lutuq ‘reddish’.
(V.) mangalutuq ‘blushing’, pangalutuq.",5
luwid,"(V.) magluwid ‘succeed, win progress’.",5
luyus,(N.) areca palm.,5
maliq,"(N.) error, mistake.
(V.) magkamaliq ‘err, make a mistake’.",5
mamaq,"(N.) mister, a term of address used to men
(polite)–not used with names as English Mr.",5
mamaq,"(V.) chew betel nut.
ma:mama’q.",5
maneu,"(V.) magmaneu ‘drive (a vehicle) – usually
meaning to drive for pay’.",5
maniq,"(N.) peanut; [metaphor] clitoris.
134",5
manik,"(V.) go upstairs [root?]. cf. qik ma:manikan,
me:nik.
(N.) pa:manikan ‘a stage in courtship when the
boy is invited to visit the girl in her house’.",5
manuk,(N.) chicken.,5
manga,"(Q.) used with dates, times, other numbers, to
mean approximately.
135",5
marka,"(N.) trademark, sign.
markang-damonyo [lit. mark of the devil] = gin,
esp. San Miguel brand gin, which has a picture
of Michael slaying Lucifer on the bottle.",5
marso,"(N.) March (the month).
136",5
maski,"(Q./Subcomb.) even though.
[used as a complete utterance: Never mind,
ignore it, so what].",5
matas,"(V.) [root?] hire others to harvest. mamatas,
makipamatas.",5
mayul,"(N.) church.
(D.) [Sp. major?] misa mayul ‘high mass’.",5
menus,"(D.) crazy, lacking mentally. minus ‘e.g. with
numbers’; menus singko ‘subtract five’;
menus-gastus ‘thrifty, cutting down on
expenses’. makamenus.",5
merli,"(N.) a female nickname, from Emerita.",5
milun,(N.) melon.,5
mimin,(D.) consumed (e.g. by fire).,5
misan,"(Q./N.?) once in a while (a time measure).
pamisanmisan.",5
misis,"(N.) 1. a term of address for married women,
Mrs.
Kumusta, misis? ‘How are you, ma’m?’.
2. as a term of reference, usually it means ‘wife’
as ing misis mu ‘your wife, your missus’.
139",5
mismo,"(N./Q.?) the same, the thing itself.",5
monte,(N.) a gambling game played with cards.,5
mulal,"(V.) [root?] pagmulala’n ‘to stay without consent
in someone’s house’.",5
muliq,"(V.) go home; see uliq.
[Bacolor informants say that in the Sta. Rita
dialect this means to go marketing].
muliq, minuliq, memanuli, pa:ulyan.",5
multa,"(N.) fine, penalty.",5
mundu,"(N.) earth, world.
kamundwan ‘earthly concerns, worldly things,
mundane matters’.",5
munta,"(V.) go.
minta; see punta, puntalan.",5
muriq,(N.) eye secretions.,5
murit,(D./St.) crazy.,5
muton,"(N.) a stick used in the hand-to-hand combat/
sport called arnis.
141",5
nabuq,"(V.) fall [root?] manabuq, menabuq.",5
naman,(Adjunct) response; see man.,5
nanaq,(N.) pus.,5
nanan,(V.) will do what? with something; see nanu.,5
nandu,"(N.) male nickname, for Fernando.",5
napun,"(N.) yesterday.
na‘pusabe’ngi ‘night before last’.",5
nasaq,"(N.) hope.
(V.) magnasaq, pagnasaq; see asaqan.",5
nasiq,(N.) cooked (boiled) rice.,5
natad,(V.) escorted [see atad].,5
ninap,"(V.) dream [root?].
maninap, pa:ninapan, pe:ninapan, a:paninap.",5
nugut,"(V.) [root?] makipagnugut ‘the whole funeral
ceremony’.",5
nunuq,"(N.) father, old man.",5
nyang,See inyang.,5
ngeni,(Q./N.) now.,5
ungut,(N.) coconut.,5
oklak,"(D.) deaf; maklak.
Used in teasing names, as Susing Oklak.",5
oneng,"(Subcomb.) but, except that.",5
oreni,"(Deictic substitute, plural) here they are.",5
oreta,"(Substitute, deictic, plural) there they are.",5
pakde,"(D./ST.) startled awake.
mipakde.",5
pakit,"(V.) show; see -kit.
Atin kung pa:kit keka. ‘I have something to
show you’; Pa:kit ke keka.
‘I’ll show it to you’.",5
pakuq,"(N.) nail.
pipakwan ‘what one nails to’.
(V.) mamakuq ‘nail’.",5
pader,(N.) a concrete wall.,5
pagal,"(D./St./V.) tired.
mapagal, pagalan, ma:gal.",5
palad,"(N.) palm (of hand).
kapalaran ‘destiny, fate’.",5
paldu,"(V.) beat, strike, hit. palduan, pa:maldu,
pe:maldu.",5
paliq,"(N.) heat; ardor.
(D./V.) mapaliq ‘hot’, mepaliq, kapaliq,
mapapaliq, mikakapaliq, mi-yaliq, ipaliq
‘heat something’, pina-liq, pa:paliq ‘have
something heated’, a:paliq, a:papaliq, palian.",5
paliq,"(V./N.) drops of urine; bedwetter; a person
who has to urinate frequently; see qiq.",5
palid,(N.) dirt which rubs off one’s body.,5
palis,"(N.) broom; see tingting, tingbu. talapamalis
‘janitor’.
(V.) palisan ‘sweep something’.",5
palub,(V.) put something inside.,5
palut,"(V.) harvest.
ma:lut, papalut, memalut, minalut.
(N.) palu’tan, pipalutan.",5
palyu,(V.) papalyu ‘misfire (engine)’.,5
panas,"(N.) ant.
panas-jip, panas-koce ‘jack (tool for raising a
vehicle)’.
(V.) papanasan ‘get covered or infested with
ants’.",5
pande,(N.) blacksmith. (Panday Pira),5
panga,(N.) jaw.,5
papaq,"(D./St.) cramped, paralyzed.
mapapaq, mepapaq, mapapapaq.",5
papag,"(N.) 1. bamboo-slat platform used for
sleeping, eating, and just sitting around
talking.
2. a place where people congregate to talk.",5
papil,"(N.) paper, a sheet of paper.",5
paras,"(D.) maparas ‘hot, spicy, sharp-tasting’.",5
pariq,"(N.) priest.
(V.) magpariq ‘be a priest, become a priest’.",5
parit,(N.) a teasing nickname given to a male.,5
parti,"(V.) divide.
(N.) partian ‘a sharing system in tenancy
(70–30)’",5
parul,(N.) Christmas lantern.,5
pasaq,"(N.) a hard lump in flesh, caused by a sharp
blow.",5
pasku,(N.) Christmas.,5
pasiq,(N.) spinning top (toy).,5
pasya,"(V.) decide.
magpasya, pasyahan, ipasya.
(N.) kapasyan ‘decision’,
kapagpasyan.",5
patak,"(N.) drop of liquid.
(V.) papatak ‘drip’.",5
patad,"(N.) ending.
(D.) mapatad, mepatad. mapatad-inawaq
‘lose breath [an euphemism for death]’.",5
patag,"(N.) level ground, plain. kapata’gan.",5
patan,(V./St.) mipatanan ‘be hit’.,5
patiq,"(N.) a measure of abyas. Anam a gatang,
metung a patiq; ben-tesingkung patiq,
metung a kaban ‘6 gatang = one patiq; 25
patiq = one cavan’.",5
patuq,(D./St.) mapatuq ‘be runover’.,5
pawas,"(N.) perspiration, sweat.
(D./St.) mipawas, mipapawas, kapawas.
(V.) manimawas, mangapawasan.",5
payat,"(D.) thin, skinny.
(V.) mamayat ‘grow thin’. mayayat, meyayat,
mayayayat, pangayayat.",5
pekas,"(N.) freckles.
(D.) mapekas ‘freckled’.",5
pekat,"(N.) paste, sticky substance.
(D.) mapekat ‘sticky’.
(V.) pinekat ‘pasted on’.
amekatmekat, mamekatmekat.",5
perla,"(N.) pearl.
Perla king Burak ‘A Pearl in the Mud (name
of a zarsuela by Crissot)’.",5
pesti,"(N.) plague, a type of epedemic.",5
pesus,"(N.) one peso.
mamesus ‘single peso bills’.",5
petsa,"(N.) date (calendar).
Nanu ing petsa ngeni? ‘What is today’s
date?’.",5
pista,"(N.) fiesta, the annual feast day–each barrio
has its own (a social and religious holiday).",5
pigaq,(N.) coconut milk.,5
pigil,"(V.) restrain by force.
a:pigil.
(N.) pangapigil.",5
pilak,"(N.) coin, silver, nickle.
(D.) farsighted, sharp-eyed.",5
pilan,"(Q.) interrogative: ‘how many?’.
(D.) mapilan ‘few’.",5
pilik,(N.) pilik-mata ‘eyelash’; see irap.,5
pilit,"(V.) force; see pigil.
pilitan, a:pilit, pinilit, pipilitan, pagpilitan,
ipilit, pamilit, pamimilit.",5
pilon,"(N.) old machine for processing sugar, the
cone-shaped container with hole at bottom
in which crushed sugar cane was held to
drip into a pot placed below.",5
pilyu,(D.) naughty.,5
pinta,"(N.) the mark of the suit on monte cards; see
ko’pas, ispa’da, bastu’s, o’ro.",5
pipiq,"(V.) wash things.
mamipiq, memipiq, pipiqan, pamipiq,
pinipiq.",5
pipit,(N.) a small kind of bird.,5
piris,"(N.) a tiny worm (larva?)–said to be very
itchy.",5
pisan,"(N.) cousin.
pisan alang pilatan ‘first cousin’.",5
pisiq,"(N.) chick, immature chicken.",5
pisuk,(N./D.) club-foot.,5
pisuq,(N.) unsharpened bolo.,5
pitik,"(V.) tap, make tapping noise. pipitik.",5
pitik,"(N.) a carpenter’s tool used for marking lines
(pulley device with string and powder like
graphite–the powdered string is laid on the
place to be marked and then the line is
plunked).",5
picil,(N.) spout of a pump.,5
plaka,(N.) phonograph record.,5
plato,"(N.) plate; see pinggan, platito.",5
plays,(N.) pliers.,5
pondu,"(N.) budget, funds.",5
porma,"(N.) form, shape.
(V.) magporma ‘have the shape, take the
shape’.",5
pugad,"(N.) nest.
pugad-manuk ‘a basket for keeping chickens
esp. fightingcocks’; pugad dareng patipati
‘whorehouse’.
Manalanga yang pugad ‘He is searching for
a nest (courting)’.",5
pugon,"(N.) stove; see o’rnu, kala’ng.",5
puguq,"(N.) quail.
Pedring Puguq (a nickname).",5
puguq,"(N.) dragnet; see pukud, pukut. pamu’guq
‘the net used’.
(V.) pugu’ngan ‘pull tight (the string to
fasten a sack)’.",5
puqin,(D.) matang puqin (used to tease).,5
pulaq,(D.) mapulaq ‘shortsighted’.,5
pulai,"(V.) run.
mulai, papulai, milai.",5
pulis,"(V.) wipe.
puli’san, manimu’lis ‘wipe self’.",5
pulis,(N.) police.,5
pulpi,(V.) magpulpi (ya) ‘have engine trouble’.,5
pulsu,"(N.) pulse; see prisyun.
(V.) pipulsuwan.",5
puluq,(N.) forest; see gubat.,5
pulut,(N.) molasses.,5
pulut,(V.) pulutan ‘pick something up’. tampulutan.,5
puniq,"(N.) a ceremonial meal served in front of the
church in connection with the Good Friday
singing of the Passion.",5
punla,"(N.) cutting(s), sugar cane planting.",5
punta,"(V.) go; see munta.
munta, minta, pupunta, pinta, mipunta,
papuntalan, pintalan, papapuntan.",5
punuq,(N.) makapunuq ‘young coconut’.,5
pupul,"(V.) gather (fruits).
pupulan, pakipupul, pupupul.",5
purga,"(N.) laxative.
(V.) magpurga ‘take a laxative, take a
worm-purge’.",5
purus,(Q.) always; see parati.,5
pusaq,(N.) cat; see muni’ng.,5
pusad,(N.) navel.,5
pusan,"(V.) carry on shoulder.
mamusan, mumusan, papusanan,
pupusanan.
(N.) pusanan ‘a carrying-event’.",5
pusit,"(V.) pupusit ‘squeeze (a tube)’. mipusit ‘blow
your nose’, ipusit.",5
pusta,"(V.) bet, wager. pupusta, pinusta.",5
pusuq,(N.) heat. pusung-sagin ‘banana heart’.,5
putat,"(N.) young leaves of mango made into a
sauce.",5
putul,"(V.) collect (e.g. shells), harvest. puputul,
mamutul.
(N.) kaputul ‘sibling’.",5
putut,"(V.) cut; see kutud.
mamutut’, pa:putut, pututan, a:putut.
(N.) kaputut ‘thing cut’.",5
puyat,(D.) mapuyat ‘lacking sleep’.,5
rabit,"(N.) Philippine Rabbit… name of a bus line, used
for each individual bus.",5
dagul,"(D.) maragul ‘big, large’. meragul, mangaragul.
(V.) dagul, daragul, pamaragul.",5
dalas,"(D.) maralas ‘seldom, once in a while, irregularly’.",5
danum,"(N.) danum ‘water’.
(V.) memaranum ‘watered something’.
magparanum.",5
ranun,(D.) maranun ‘early’. karanun.,5
danup,"(D.) maranup ‘hungry’.
(V.) danupan, dumanup, karanup.",5
rapal,"(D.) marapal ‘soon, early’. karapal.",5
ratun,"(D.) maratun ‘usual, usually, often’.",5
dayuq,"(D.) marayuq ‘far, distant’.",5
degla,"(V.) manaregla ‘be regular, menstruate, straighten
things’.",5
reyna,(N.) queen.,5
rilis,(N.) rails (train-tracks).,5
rimas,"(N.) a kind of fruit; grouped with yangkaq and
kamansi.",5
dimla,"(N.) cold, cold weather, cold substance.
(D.) marimla, karimla.",5
dinat,"(N.) dinat ‘dirt, fecal matter’.
(D.) marinat ‘dirty’.",5
ditak,"(N.) little, small amount.
(V.) diritak ‘become few(er)’.
(D.) maritak, karitak.",5
runut,"(D.) marunut ‘dried up, decomposed (of leaves)’.",5
sabal,"(V.) bump.
sabalan, mayabal.",5
sabat,"(V.) sabatan ‘block, barricade something’.
(D.) mesabat ‘be hijacked’.
(N.) sa:batan ‘a children’s game consisting of
marked zones and teams of players; one set tries
to pass from one zone to another without being
tagged by the other team; the field on which this
game is played’.",5
sabik,"(V./D./St.) long for, miss, be eager for. mesabik,
sasabik, sinabik, misasabikan.",5
sabit,"(V.) hang, dangle, cling. isabit, sinabit, sasabit,
sabitan.
(D.) mesabit.",5
sable,"(V.) hang things (clothes) on a line to dry. sable,
sible, misable, makasable, manyable.
(N.) sablayan ‘clothesline’.",5
sabul,"(V.) scramble (eggs). sabulan, se:bulan.",5
sabun,"(N.) soap. pisabunan ‘lather’.
(V.) sabunan, sasabunan, manyabun, minyabun.",5
sakab,"(V./St.) misakab ‘fall on face’. makasakab ‘lying
face-down’.",5
sakag,"(N.) a fish net, small.",5
sakal,"(V.) sakalan ‘choke, strangle’. sekalan, sasakalan.",5
sakit,"(D./V./N./St.) masaki’t ‘hurts, painful’; masa’kit
‘difficult, hard’; ma’sakit ‘a sick person’; sakit
‘disease’; manasakit ‘feel hurt, grudge, be hurt,
get hurt, feel pain’; magka-sakit ‘experience
hardship, difficulty or pain’; sasakit, sinakit,
mesakit, kasakit, pa:sakit ‘burden, give a burden’;
pi:sakit, pamagmalasakit ‘effort, care’.",5
sakla,(N.) a gambling game.,5
saklo,"(V.) fetch (e.g. water); see saklum, sasaklo.",5
sakul,"(V.) plant sugar cane; see asik, tanam.",5
sakup,"(N.) boundary. pamanyakup ‘reign, government’.
(V.) sakupan ‘capture’. sinakup, se:kupan,
pa:sakup.",5
sadja,"(N.) spread of food, occasion. sidja.
(V.) magsadja, sidja, misadja, misasadja.
(D.) makasadja ‘arranged’.
(D./Q.) formerly, same as usual. kalupa ning sadja
‘like before, like always’.",5
sagin,"(N.) banana.
saginan ‘banana grove, plantation’; pusung sagin
‘banana heart (used as food–salad; drops of liquid
taken from at midnight used as a talisman)’.
Types: bulungan, saba, karinyosa, paltikus,
bilyakuq, lakatan, katandan, gapis, sagin-kapit/
sagin-kapis/sagin-kapitkapit.",5
salaq,"(D.) masalaq ‘bright, light’. kasalaq.
(V.) sasalaq ‘grow bright, light’, pasalan.
(N.) pampasalaq ‘a light, lantern’.",5
salak,"(V.) filter, strain, sieve.
sinalak, a:panyalak.
(N.) panyalak ‘sieve, strainer’.",5
salas,"(N.) living-room, family room, room for
entertaining.",5
salat,"(D.) masalat ‘feel sandy, feel dirty as covered by
small particles’.",5
salat,(V.) sasalat ‘caressing’. sasalatan.,5
saliq,"(V.) buy.
sasaliq, sinaliq, saliwan, seliq, manyaliq,
mamisaliq, pa:saliq ‘sell (cause to buy)’, pakisaliq,
pisaliq ‘thing sold’, pisisaliq, misisaliq.",5
salit,(D.) mixed languages; incorrect speech. salitsalit.,5
salol,(N.) pants.,5
salta,"(V.) bounce, jounce, jump. isalta, sasalta, silta,
pa:salta, a:pasalta.",5
saluq,"(N.) chest, breast.",5
saluq,"(N.) posts (of a house).
(V.) manyaluq ‘put in posts’. a:sasaluq.
189",5
salud,"(V.) take a bath. sasalud, sinalud, magsalud.",5
salun,See salu’t.,5
salut,"(N.) disease, epidemic; see salun.",5
samaq,"(N.) anger, hatred; see kasaman. kasamaq ‘one
one is angry with’.
(V.) sasamaq, masasamaq.",5
samak,"(N.) kasamak ‘tenant’. pasamak ‘landowner
(tenant); pamag-pakasamak.
(V.) sa:makan, makisamak, makikasamak,
ke:samak.",5
samas,(V.) samasan ‘correct someone’. samasnan.,5
samat,(N.) betel leaves.,5
samba,"(V.) worship, pray. sasamba, simba, samban ‘pray
to someone’; sinimba.
(N.) pisamban ‘church’. pisasamban ‘praying’;
simbang bengi ‘midnight mass’; pamanyamba.",5
samul,(V.) gulp food.,5
samut,"(V.) samutanan ‘dilute something’. sasamutanan,
semutanan, pisamutan, pisasamutan,
pi:sasamutan. cf. bantuan",5
sanip,"(V.) 1. join (pieces).
2. choke on saliva while trying to talk (‘someone
is thinking of you’). misanipan, misasanipan,
pisanipan.",5
sanga,"(N.) branch (of a tree).
(D.) masanga, kasanga.
(V.) manyanga.",5
sapaq,"(N.) brook, rivulet.",5
sapaq,(N.) betel-chew wad.,5
sapak,"(D./V./St.) full, jam-packed.
sinapak.",5
sapal,"(N./D.?) sapal ngungut ‘grated coconut’.
192",5
sarsa,"(N.) sauce; see salsa.
(V.) makisarsa; pakisarsa ‘put sauce on’.",5
sasaq,(N.) seedlings (fish); see bini’q-.,5
sasag,"(N.) walling, baseboard.",5
sawaq,"(D./St./V.) tired of something; more than enough
of something (as, eating too much ice cream)
makasawaq; talakasawaq ‘one who overdoes, gets
bored, fed up’.
sasawaq, sinawaq, sawayan, sewansewan,
pa:sawaq.",5
sayaq,"(D.) masayaq ‘happy, jolly, cheerful’.
kasayaq.
(V.) pasayan, sasayaq, a:pasayaq, magsayaq.
(N.) kasayahan, pamagsayaq.",5
sayad,"(D./V.) broke, worn out, tired.
sasayad, sinayad, sumayad.",5
selan,"(D.) maselan ‘dangerous, in danger, delicate’.
maseselan.
(V.) sumelan.",5
selyu,"(N.) stamp(s), seal.",5
sensi,(N.) spatula.,5
sesyu,(N.) male nickname for Inocencio.,5
sibad,"(N.) a kind of bird, swallow-like, some are blue,
some are yellow and black; seen near the rivers.
196",5
sibul,"(N.) fountain, spring, source.",5
sikad,"(V.) kick with force.
sisikad, pasisikad, sinikad, sikdan.",5
sikan,"(N.) strength, capacity, vigor.
sikanan ‘pull, influence’; pampasikan.
(D.) masika’n ‘strong’.
(V.) sisikan, sinikan, pa:sikanan.",5
sidja,See sadja.,5
sigaq,(N.) [recent slang] tough guy (a harsh label).,5
siguk,"(N.) hiccough.
(V.) sisiguk, siniguk, makasiguk,
si:guk.",5
silab,"(N.) fire, holocaust.
pamanyilab; manyilab ‘arsonist’.
(V.) silagan ‘burn something’; manyilab ‘set fires’;
misilab.",5
silak,(N.) shellac.,5
silip,"(V.) peep.
manyilip.
(N.) panyilip ‘binoculars’; ma:nyilip ‘peeping-tom’.",5
sindi,"(V.) light a candle, burn a torch, light a cigarette,
turn on an electric light.
sisindiq ‘smoke cigarettes’; masindi; sindyan
‘light something’.",5
sinta,"(N.) romantic love.
(V.) palsinta ‘be in love’.
pamalsinta.",5
sinup,"(V.) keep.
misinup, misisinup, a:sinup.",5
singo,"(V.) evaporate, steam, ooze.
sisingo, siningo, si:ngo.",5
sipag,"(N.) industriousness.
kasipagan.
(D.) masipag ‘industrious, hardworking’.
(V.) sisipag, sinipag, sumipag, sipagan.",5
siper,(N.) zipper.,5
sipit,"(N.) clamp, pincers.
sipit malan ‘clothespins’; sipit-buak ‘hairclip’;
sipit-kalang ‘cooking tongs’.
(D.) masipit, mesipit.",5
sirup,(N.) syrup.,5
sisiq,"(N.) chick, duckling.
201",5
situq,"(N.) a male nickname, Chito.",5
sobra,"(Q./N./D.) excess; see labis.
mipasopra, sosobra, sinobra, pa:sobra
‘exaggerate’.
(N.) kasobran.",5
sobri,(N.) envelope.,5
sopan,See saupan.,5
sopas,"(N.) broth, soup.",5
soraq,"(D.) makasoraq ‘irritated, annoyed’.
(V.) masusoraq, a:soraq, a:pasoraq.",5
sosoq,(N.) snail.,5
subiq,"(D.) masubiq ‘serious’.
(V.) susubiq.",5
subuq,"(V.) put in the mouth.
susubuq.
(N.) mouthful.",5
subuk,"(V.) try, attempt.
subuknan, susubuknan, si:bukan ‘experience
something’; susubukan, sibukan.
(N.) pagsubuk, ‘experiment’.",5
sukaq,"(V.) vomit.
susukaq, manyukaq.
(N.) panyukaq ‘thing vomited’.",5
sukab,"(N./V.) traitor.
sukaban; kasukaban ‘treachery’.",5
sukad,"(N./V.) measure, measurement.
sukad, susukad, sinukad, pa:sukad.",5
sukal,"(N.) trash, rubbish, undergrowth.
kasukalan ‘undergrowth’.
(V.) sukalan.",5
sukiq,"(N.) partner in a credit-regular purchase
relationship.
(V.) makisukiq.",5
sukle,"(N.) comb; see aswe.
telasukle ‘mons veneris’.
(V.) suklen, siklen, manyukle.",5
sukul,"(V.) isukul ‘imprison someone’.
sinukul, a:sukul, pa:sukul.
(D.) masukul, mesukul, masusukul, makasukul.
(N.) sukulan ‘jail’; pangasukul ‘captivity’.",5
sugal,"(N.) gambling.
sugaru’l ‘gambler’.
(V.) susugal, makisugal, sinugal.",5
sugat,"(N.) wound, break in the skin.
(V.) susugat, sumugat, susugatan.
(D.) masugat, mesugat.",5
suguq,"(V.) joint labor, helping someone as a group.
makisuguq, siguan, misuguq, misusuguq,
pisuguan.
(N.) suguan ‘the activity wherein a group helps
someone’.",5
suhul,"(V.) bribe.
suhulan, susuhulan, sinuhulan, masusuhul.",5
sulat,"(V.) write.
susulat, sinulat, sumulat, sulatan, silatan, isulat.
(N.) sulat ‘letter, thing written’; pisusulatan
‘desk’.",5
sulip,(N.) earth; area below a house.,5
sulit,"(V.) 1. sulitan ‘examine something’.
susulitan, sinulit.
(N.) pamagsulit ‘examination’.
(V.) 2. retain capital, return initial investment.
isulit, mipasulit.",5
suluq,"(N.) torch, light.
sulung koryenti ‘electric light’; panyuluq ‘lighted
area’.
(V.) susuluq ‘do something with light’; susulung
asan ‘go torch-fishing’; suluan, siluan, sinuluq,
isuluq, sulu:q, manyuluq ‘light a candle, join a
procession’; misuluq.",5
suluk,"(N.) corner.
(D.) suluksuluk ‘complicated’.
makisuluk, mekisuluk.",5
sulud,"(V.) wear (clothes); go under something.
susulud, sumulud, sinulud, misulud, misusulud,
mipasulud, isulud.",5
sulut,"(V.) sulutan ‘poke a small hole in something; ram
out something blocking a hole’.
(D.) putu sulut ‘a kind of rice-cake steamed in a
hole’.
(N.) doorkey.",5
suman,"(N.) a delicacy made of rice, cylindrical in shape
and served wrapped in some kind of leaf (varies
with type).
suman bulung, suman banus, suman bulagtaq
(sexual usage too), suman kapit, suman tamalis.
(V.) manyuman ‘make suman’.",5
sampa,"(V.) climb a low incline.
sinumpa.",5
sunuq,"(V.) tease.
susunuq, manyunuq, a:sunuq, pisunu-sunuq.",5
suput,(N.) paper bag.,5
susiq,"(N.) key.
(V.) lock.
susyan, sinusi, manyusi.",5
susuq,"(N.) snail; edible shellfish; see susung apun
‘Japanese snail’.",5
suyaq,"(D.) makasuyaq ‘fed up (with something); see
-soraq.",5
syano,"(N.) male name, Ciano; from Feliciano.",5
syoki,"(N.) male homosexual, effeminate male; see ekus.",5
tabaq,"(N.) fat, lard, grease, butter.
pakatabaq ‘fertilizer’.
(D.) matabaq ‘fat’.
katabaq, kasingtabaq, pekamatabaq.
(V.) magpakatabaq, pa:tabaq, pa:taban,
ke:tabaq, mipatabaq.",5
tabal,"(V.) tabalan ‘cut’.
tatabalan.
(D.) matabal.",5
tabla,"(N.) lumber, planed boards.",5
tabun,"(N.) dam.
(V.) tabunan ‘dam up, stop up, barricade’.",5
tabug,"(V.) tease so that one refuses what he really
wants.
210",5
takal,"(N.) measure.
(V.) takalan ‘measure something’.
(D.) misangtakal ‘equal in measure’.",5
takap,"(N.) cover; mask.
(V.) takpan ‘cover something’.
tatakpan, tikpan.",5
takas,"(V.) flee, escape; elope.
tatakas, tinakas, tumakas.",5
takde,"(N.) shoulder, upper arm; see pago’.",5
takid,"(V.) takiran ‘pull along’.
tekiran.",5
takut,"(N./V./D.) fear.
katakutan ‘fear’; matakut ‘afraid’; mitakutan
‘frightened’; makatakut ‘frightening’; tatakut,
apamatakut, pikakatakutan.",5
tagak,"(N.) large white heron, seen in December near
Sexmoan, said to migrate annually from China.",5
tagal,"(V.) chase, run after.
tagalan, tinagal, mitagal, mitatagalan, te:gal,
pa:tagal, a:tagal.",5
tagan,"(V./D./St.) left-over.
mitagan, itagan.",5
tagun,"(V.) attend.
tatagun, tagunan, tegunan, tinagun.",5
tayiq,"(V.) sew.
manahiq, ma:nahiq, menahiq.
(N.) manahiq ‘dressmaker’.",5
talaq,"(N.) planet (a bright star).
Christmas tree lights.",5
talan,"(V.) seize, grasp, hold on to.
tatalan, mipatalan, pakitalan, talnan, tatalnan,
magpatalan.
(N.) talanan ‘handle’.",5
talba,"See talaba, Talba, a barrio of Bacolor.",5
taliq,"(V.) tie, bind.
tataliq, tinaliq, italiq, talyan, pa:taliq,
makataliq, panaliq.
(N.) pamitaliq, panaliq.",5
talik,"(D.) matali ‘right; eagerly’.
(V.) talikan ‘tighten something’.",5
talip,"(V.) peel, pare off (skin).
tatalip’, talipan.",5
tamad,"(D.) matamad ‘lazy’.
(V.) tatamad, tinamad.
(N.) katamaran.",5
tamas,"(V.) tamasan ‘enjoy something’.
tatamasan, temasan.",5
tanam,"(V.) plant.
tatanam, te:nam.
(N.) tanaman ‘plant’; tamnanan ‘garden’.",5
tanga,"(D.) dumb, stupid.
matanga.
(N.) katangan ‘stupidity’.",5
tapaq,"(N.) piece, fragment.
katapaq.",5
tapak,"(D.) makatapak ‘barefoot’.
makatapakan.
(N.) tapakan ‘sole of foot, footprint; shoe’.",5
tapil,"(N.) a kind of iron shovel with wooden
handle–about 20 inches high with a squat flat
blade–used for taking soil from fishpond
bottoms in square chunks.",5
tapun,(N.) cork; see talaran.,5
taram,(D.) mataram ‘sharp’.,5
natiq,"(N.) a fruit, sweet variety of balimbing.",5
tarat,(N.) 20 centavo coin [rare].,5
tarat,"(N.) a kind of bird, sparrow.",5
tariq,"(N.) blade, spur attached to the leg of a fighting
cock.",5
taruk,"(V.) tarukan ‘explore’.
tatarukan, terukan.",5
taruq,"(N./V.) irony, mockery, sarcasm.
taru:taruq.",5
tasan,(V.) see taisan.,5
tatap,"(V.) thresh; see daraq, inete.
tatatap.",5
tawad,"(N.) bargain.
(V.) tawaran ‘bargain for something’.",5
terak,"(V.) dance.
teterak, tumerak.
(N.) terakan ‘dance party’.",5
ternu,"(D.) matching, compatible, complementary (as,
skirt and blouse of matching or coordinated
colors, foods which go well together).",5
tibaq,"(V.) pick (one of a bunch).
titibaq, pakitibaq, pa:tibaq, titiban.",5
tibag,"(D.) matibag ‘crumbling, breaking up
(landslide)’.
matitibag, mangatibag, pa:tibag, panibag.",5
tikal,"(D./V./St.) numb, cramped, stiff. tikal, manikal.",5
tikta,"(N./Q.) very much, excess.",5
tilaw,(V.) titilaw ‘crow’; see tulauk.,5
tigim,"(V.) clear one’s throat.
titigim, tinigim.",5
tilis,"(N.) loose bowel movement.
(V.) manilis.",5
tilus,"(D.) matilus ‘pointed, sharp (nose)’.",5
timan,"(V.) smile.
tumiman, makatimiman.",5
timid,(V.) press down on something. tinimid.,5
timug,(N.) southwest monsoon wind.,5
tinap,"(V.) dream; see -inap, -ninap.
ma:ninap, pa:ninap, a:paninap, pa:ninapan,
makapaninap.
(N.) pa:maninap, pekapaninap.",5
tinda,"(V.) magtinda ‘sell’.
(N.) tindahan ‘store’.
paninda ‘business’.",5
tinta,(N.) ink.,5
tipak,"(N.) chunk, hunk.",5
tipid,"(V.) magtipid ‘be thrifty’. tipiran.
(N.) katipiran ‘economy, thrift’; pamagtipid
‘economy, budget, expenses’.",5
tipun,"(V.) gather, collect, accumulate.
titipun, tinipun, tumipun, titipunan, a:tipun,
tipunan, manipun, atitipun, matipun, matitipun,
metipun, mitipun, mititipun, mitipuntipun.
(N.) pititipunan ‘depot’; pamitipuntipun
‘assembly’.",5
tiran,See turan.,5
tiris,"(V.) rub feet together nervously.
titiristiris, pitiristirisan.",5
tisaq,"(N.) chalk; tile.
tisa:-pambubung ‘roof tiles’.",5
tiyan,See atcan.,5
torno,"(D.) threaded.
(V.) pa:torno ‘have something threaded (as a
screw)’.",5
tubaq,"(N.) tuba, a fermented coconut wine or sugar
cane wine.",5
tubuq,"(V.) grow; gain, profit.
tutubuq, tinubu, tumubuq, magtubuq, tubwan,
pa:tubwan.
(N.) katutubuq.",5
tubud,"(N.) delegate, messenger.
(V.) tuburan ‘send (someone) on an errand’. cf.
pa-lakad
tutuburan, tiburan, itubud.",5
tukil,"(N.) container made of a node of bamboo.
tu’kin asi’n ‘salt container’; tu’kil papakbu’ng
‘bamboo cannon’.",5
tuksu,"(V.) tease (someone).
manuksu, tutukswan, pa:nuksuwan.",5
tukud,"(N.) cane, prop, support (e.g. to hold a window
open), pole for a riverboat.
(V.) manukud ‘put up posts’; magtukud ‘use a
cane’.",5
tugak,"(N.) frog.
Types of frog: tugak batan, tugak saba, tugak
tutuq.",5
tulak,"(V.) push, shove; set out, depart.
tutulak, tinulak.
226",5
tulaq,"(N.) poem.
(V./St.) tinulaq, ‘set in harmony’.",5
tulid,"(V.) straighten, go straight.
tutulid, magmatulid, makimatulid; ma:nulid ‘go
in a straight line (as, from house to house)’.
(D.) matulid ‘straight, erect, correct’;
makatulid, pekamatulid.
(N.) katulid ‘opposite, directly across from’;
katuliran ‘rights’; ipagmatulid ‘a discussion to
set things straight’; panuliran ‘shortcut, the
straight, direct way’; pa:magmatulid,
matuliranan ‘verbal contest’.",5
tuliq,"(N.) circumcision.
(V.) tulian, tutulian, tinuli, manuli.",5
tulin,(D.) matulin ‘fast’.,5
tuluk,"(N.) earwax, secretion of ear.",5
tulud,"(N.) a furled leaf.
tulud-banus.",5
tulus,"(D.) upright.
(V.) tulusan, manulus.
(N.) tulus ‘something stuck upright in the
ground’.",5
tunud,"(D.) matunud ‘be quiet, harmless, mute’.
(V.) tutunud, a:patunud.",5
tupad,"(V.) match, equal, comply, fulfil.
tuparan, tutuparan, tiparan, ipatupad, pa:tupad,
a:tuparan.",5
turan,"(V./D./St.) hit, struck. cf. tud mituran, pa:turan,
a:turan.",5
turil,"(N.) clitoris; see tukil, tuktuk.",5
turuq,"(V.) teach, educate; see tulduq. tumuruq, ituruq,
tuturu, mituruq, mituturuq, tiruq, paturuq.
(N.) talaturuq ‘faculty, coach, teacher’.
tiruq ‘thing taught, teaching’; turuq ‘index
finger’.",5
tusuk,"(V.) inject, stick x into y; as: pick one’s nose.
tusukan, itusuk, tinusuk, tutusukan, atusuk.
(N.) pamanuksuk, panusuk ‘fork’; see tinidur
‘pitchfork’.",5
tutuk,"(V./D./St.) aimed, lined up with.
makatutuk.",5
tutul,"(V.) resist, complain, talk back, sass.
tututul, tinutul, mapanutul.",5
tuyaq,"(V.) chide, tease.
tutuyaq.",5
tuyuq,"(D./V.) dry (in the sun).
magpatuyuq; see langiq.",5
tyune,"(N.) sliver, splinter; see salubsub, tikmus.",5
cupon,(N.) baby-bottle; see susu.,5
ukyat,"climb, ascend; see qukyat.",5
ugnay,"(N.) relative, relation; kaqugne ‘relative’;
kaqugnayan ‘relationship’.",5
uldug,(N.) a big fellow who is stubborn or stupid.,5
uling,(N.) charcoal.,5
uling,"(Combiner) because; see okasi.
anyaq, para.",5
ulnan,"(N.) pillow, cushion; see pilunan.",5
unyat,"(V.) stretch, yawn.
manunyat, maninyat.",5
uriya,(N.) end of a roll of cloth.,5
utang,"(N.) debt.
utang a lub ‘debt of gratitude, feeling of
obligation’.",5
utang,(N.) nipple of breast.,5
wakas,"(N.) end, termination.
wakaspaldas ‘taking off of signs of mourning’.
wakasan.",5
wagas,"(D.) sincere, pure.",5
wanan,(N.) right side.,5
wawaq,"(N.) mouth of a river, confluence; old name of
Guagua.",5
webis,(N.) Thursday.,5
yakap,see dakap.,5
yapus,see kiyapus.,5
yariq,"(D.) finished.
mayariq, meyariq, kayariyari.",5
yatuq,"(N.) earth, world; see sulip, gabun.",5
yawig,see awig.,5
yapsa,(V.) spit (something) out.,5
yemuk,"(D.) mayemuk ‘having mosquitoes’.
see emuk, amuk.",5
